"id","sales_rep_id","sales_rep_username"
"939874","121","alice"
"3256291","121","alice"
"3556723","121","alice"
"3921016","121","alice"
"4602256","121","alice"
"5002936","121","alice"
"5454979","121","alice"
"6748126","121","alice"
"6776062","121","alice"
"6797182","121","alice"
"7079641","121","alice"
"7144562","121","alice"
"7184951","121","alice"
"10286192","121","alice"
"10367540","121","alice"
"10874608","121","alice"
"11241391","121","alice"
"11384809","121","alice"
"12340891","121","alice"
"13133300","121","alice"
"13941143","121","alice"
"14161328","121","alice"
"14439098","121","alice"
"14991677","121","alice"
"16644665","121","alice"
"16813679","121","alice"
"16815641","121","alice"
"18032810","121","alice"
"19646882","121","alice"
"19675397","121","alice"
"19781573","121","alice"
"19796585","121","alice"
"19958987","121","alice"
"20121749","121","alice"
"20429015","121","alice"
"20442878","121","alice"
"20511863","121","alice"
"20639321","121","alice"
"20688110","121","alice"
"20691248","121","alice"
"20778380","121","alice"
"20781614","121","alice"
"20799530","121","alice"
"20803856","121","alice"
"20824061","121","alice"
"20826041","121","alice"
"20826374","121","alice"
"20826392","121","alice"
"20831312","121","alice"
"20847176","121","alice"
"20848895","121","alice"
"20848967","121","alice"
"20860397","121","alice"
"20869451","121","alice"
"20891423","121","alice"
"21011762","121","alice"
"21057296","121","alice"
"21261443","121","alice"
"21262655","121","alice"
"21263096","121","alice"
"21264923","121","alice"
"21276533","121","alice"
"21354743","121","alice"
"21356144","121","alice"
"21381050","121","alice"
"21385796","121","alice"
"21412916","121","alice"
"21418310","121","alice"
"21436937","121","alice"
"21456113","121","alice"
"21456383","121","alice"
"21459440","121","alice"
"21491933","121","alice"
"21544856","121","alice"
"21551510","121","alice"
"21585308","121","alice"
"21592370","121","alice"
"42144887","121","alice"
"917","508","alena"
"4553","508","alena"
"5070","508","alena"
"5920","508","alena"
"8737","508","alena"
"16030","508","alena"
"17149","508","alena"
"18265","508","alena"
"20000","508","alena"
"23581","508","alena"
"28944","508","alena"
"31370","508","alena"
"31713","508","alena"
"34801","508","alena"
"36907","508","alena"
"41727","508","alena"
"42668","508","alena"
"45583","508","alena"
"49804","508","alena"
"59924","508","alena"
"60327","508","alena"
"63670","508","alena"
"64626","508","alena"
"68930","508","alena"
"70387","508","alena"
"72938","508","alena"
"77921","508","alena"
"78702","508","alena"
"81862","508","alena"
"82186","508","alena"
"84784","508","alena"
"88161","508","alena"
"90388","508","alena"
"91566","508","alena"
"96490","508","alena"
"96722","508","alena"
"101254","508","alena"
"101703","508","alena"
"102661","508","alena"
"108856","508","alena"
"110048","508","alena"
"111409","508","alena"
"113597","508","alena"
"114109","508","alena"
"115044","508","alena"
"117241","508","alena"
"121695","508","alena"
"129410","508","alena"
"130939","508","alena"
"131056","508","alena"
"135121","508","alena"
"135329","508","alena"
"135449","508","alena"
"136540","508","alena"
"140148","508","alena"
"143763","508","alena"
"146388","508","alena"
"147922","508","alena"
"151702","508","alena"
"154759","508","alena"
"155359","508","alena"
"160172","508","alena"
"161780","508","alena"
"164632","508","alena"
"172945","508","alena"
"173628","508","alena"
"176247","508","alena"
"177337","508","alena"
"182143","508","alena"
"185053","508","alena"
"197036","508","alena"
"208710","508","alena"
"208814","508","alena"
"210785","508","alena"
"210803","508","alena"
"212697","508","alena"
"219437","508","alena"
"225770","508","alena"
"239044","508","alena"
"250888","508","alena"
"255912","508","alena"
"273262","508","alena"
"284740","508","alena"
"297166","508","alena"
"300319","508","alena"
"309370","508","alena"
"309811","508","alena"
"343687","508","alena"
"365968","508","alena"
"378694","508","alena"
"385300","508","alena"
"419074","508","alena"
"424993","508","alena"
"428782","508","alena"
"438208","508","alena"
"444865","508","alena"
"454852","508","alena"
"481759","508","alena"
"498358","508","alena"
"519256","508","alena"
"533470","508","alena"
"534844","508","alena"
"538834","508","alena"
"545107","508","alena"
"586144","508","alena"
"603730","508","alena"
"605122","508","alena"
"643762","508","alena"
"686146","508","alena"
"698839","508","alena"
"701317","508","alena"
"703234","508","alena"
"713077","508","alena"
"755740","508","alena"
"767827","508","alena"
"770533","508","alena"
"778057","508","alena"
"785569","508","alena"
"789445","508","alena"
"825058","508","alena"
"831841","508","alena"
"851359","508","alena"
"859966","508","alena"
"866743","508","alena"
"875575","508","alena"
"876640","508","alena"
"878605","508","alena"
"903190","508","alena"
"904558","508","alena"
"906769","508","alena"
"923047","508","alena"
"937651","508","alena"
"940957","508","alena"
"944884","508","alena"
"977680","508","alena"
"988780","508","alena"
"997312","508","alena"
"1000138","508","alena"
"1003903","508","alena"
"1007284","508","alena"
"1009420","508","alena"
"1013410","508","alena"
"1024873","508","alena"
"1054906","508","alena"
"1061848","508","alena"
"1061989","508","alena"
"1063933","508","alena"
"1070059","508","alena"
"1077784","508","alena"
"1080433","508","alena"
"1097455","508","alena"
"1100383","508","alena"
"1101856","508","alena"
"1112605","508","alena"
"1118242","508","alena"
"1120936","508","alena"
"1121566","508","alena"
"1163887","508","alena"
"1175737","508","alena"
"1186390","508","alena"
"1196536","508","alena"
"1198216","508","alena"
"1201918","508","alena"
"1206871","508","alena"
"1207291","508","alena"
"1219735","508","alena"
"1236526","508","alena"
"1265416","508","alena"
"1267303","508","alena"
"1279075","508","alena"
"1280434","508","alena"
"1298896","508","alena"
"1299250","508","alena"
"1301245","508","alena"
"1316530","508","alena"
"1346881","508","alena"
"1351861","508","alena"
"1383974","508","alena"
"1384543","508","alena"
"1399120","508","alena"
"1403770","508","alena"
"1423981","508","alena"
"1437007","508","alena"
"1438135","508","alena"
"1456915","508","alena"
"1491340","508","alena"
"1514644","508","alena"
"1517086","508","alena"
"1571593","508","alena"
"1573897","508","alena"
"1580833","508","alena"
"1614091","508","alena"
"1625167","508","alena"
"1633027","508","alena"
"1633054","508","alena"
"1634665","508","alena"
"1675168","508","alena"
"1679326","508","alena"
"1688878","508","alena"
"1706674","508","alena"
"1741960","508","alena"
"1751071","508","alena"
"1809016","508","alena"
"1809433","508","alena"
"1814521","508","alena"
"1838281","508","alena"
"1915060","508","alena"
"1951390","508","alena"
"1958365","508","alena"
"1966831","508","alena"
"1974703","508","alena"
"1987421","508","alena"
"2001073","508","alena"
"2009143","508","alena"
"2014210","508","alena"
"2018020","508","alena"
"2020222","508","alena"
"2060362","508","alena"
"2083636","508","alena"
"2091832","508","alena"
"2129407","508","alena"
"2148118","508","alena"
"2166880","508","alena"
"2181547","508","alena"
"2192398","508","alena"
"2200963","508","alena"
"2234746","508","alena"
"2257444","508","alena"
"2266399","508","alena"
"2271634","508","alena"
"2283643","508","alena"
"2291881","508","alena"
"2319985","508","alena"
"2322511","508","alena"
"2332609","508","alena"
"2339551","508","alena"
"2343226","508","alena"
"2354317","508","alena"
"2411311","508","alena"
"2412313","508","alena"
"2427673","508","alena"
"2441536","508","alena"
"2459263","508","alena"
"2461036","508","alena"
"2508604","508","alena"
"2527432","508","alena"
"2539033","508","alena"
"2542300","508","alena"
"2545972","508","alena"
"2585509","508","alena"
"2614894","508","alena"
"2615032","508","alena"
"2618833","508","alena"
"2632606","508","alena"
"2673691","508","alena"
"2687476","508","alena"
"2694610","508","alena"
"2724559","508","alena"
"2734738","508","alena"
"2752423","508","alena"
"2790772","508","alena"
"2797684","508","alena"
"2815351","508","alena"
"2824087","508","alena"
"2825293","508","alena"
"2832547","508","alena"
"2833060","508","alena"
"2842627","508","alena"
"2870920","508","alena"
"2872669","508","alena"
"3002392","508","alena"
"3026356","508","alena"
"3046972","508","alena"
"3061126","508","alena"
"3105775","508","alena"
"3115585","508","alena"
"3121990","508","alena"
"3122401","508","alena"
"3157177","508","alena"
"3185953","508","alena"
"3193684","508","alena"
"3210745","508","alena"
"3243115","508","alena"
"3268528","508","alena"
"3280672","508","alena"
"3292594","508","alena"
"3305404","508","alena"
"3309907","508","alena"
"3340258","508","alena"
"3384013","508","alena"
"3393442","508","alena"
"3412663","508","alena"
"3451948","508","alena"
"3496726","508","alena"
"3505981","508","alena"
"3520291","508","alena"
"3526903","508","alena"
"3530326","508","alena"
"3538387","508","alena"
"3580963","508","alena"
"3586318","508","alena"
"3610324","508","alena"
"3637729","508","alena"
"3684235","508","alena"
"3709762","508","alena"
"3723889","508","alena"
"3754117","508","alena"
"3757978","508","alena"
"3760210","508","alena"
"3769060","508","alena"
"3771508","508","alena"
"3792649","508","alena"
"3794023","508","alena"
"3840394","508","alena"
"3877018","508","alena"
"3883039","508","alena"
"3888847","508","alena"
"3898609","508","alena"
"3899683","508","alena"
"3901765","508","alena"
"3902710","508","alena"
"3921946","508","alena"
"3936391","508","alena"
"3964732","508","alena"
"3965797","508","alena"
"3975040","508","alena"
"3981823","508","alena"
"3984118","508","alena"
"4003159","508","alena"
"4016653","508","alena"
"4051204","508","alena"
"4073122","508","alena"
"4102345","508","alena"
"4120816","508","alena"
"4121767","508","alena"
"4133347","508","alena"
"4154917","508","alena"
"4162132","508","alena"
"4194751","508","alena"
"4212502","508","alena"
"4213297","508","alena"
"4229347","508","alena"
"4289479","508","alena"
"4292524","508","alena"
"4296097","508","alena"
"4306006","508","alena"
"4314037","508","alena"
"4333033","508","alena"
"4348897","508","alena"
"4372786","508","alena"
"4375678","508","alena"
"4445254","508","alena"
"4481419","508","alena"
"4503859","508","alena"
"4505593","508","alena"
"4520074","508","alena"
"4521931","508","alena"
"4523440","508","alena"
"4557052","508","alena"
"4568770","508","alena"
"4576609","508","alena"
"4605562","508","alena"
"4624447","508","alena"
"4632436","508","alena"
"4652203","508","alena"
"4654816","508","alena"
"4656664","508","alena"
"4687381","508","alena"
"4724449","508","alena"
"4746277","508","alena"
"4786459","508","alena"
"4792876","508","alena"
"4800958","508","alena"
"4832836","508","alena"
"4844878","508","alena"
"4848109","508","alena"
"4861471","508","alena"
"4965268","508","alena"
"4970446","508","alena"
"5063218","508","alena"
"5132167","508","alena"
"5168536","508","alena"
"5168905","508","alena"
"5173108","508","alena"
"5185990","508","alena"
"5195152","508","alena"
"5203204","508","alena"
"5207497","508","alena"
"5236069","508","alena"
"5243170","508","alena"
"5281324","508","alena"
"5320792","508","alena"
"5333401","508","alena"
"5337085","508","alena"
"5379871","508","alena"
"5439673","508","alena"
"5442583","508","alena"
"5453107","508","alena"
"5453113","508","alena"
"5462053","508","alena"
"5465920","508","alena"
"5467357","508","alena"
"5484370","508","alena"
"5502322","508","alena"
"5503591","508","alena"
"5520814","508","alena"
"5543230","508","alena"
"5543791","508","alena"
"5550139","508","alena"
"5556091","508","alena"
"5558260","508","alena"
"5558575","508","alena"
"5564776","508","alena"
"5596894","508","alena"
"5599201","508","alena"
"5602945","508","alena"
"5607445","508","alena"
"5617228","508","alena"
"5643778","508","alena"
"5655661","508","alena"
"5680507","508","alena"
"5714677","508","alena"
"5721313","508","alena"
"5740111","508","alena"
"5756776","508","alena"
"5804941","508","alena"
"5808820","508","alena"
"5816740","508","alena"
"5861608","508","alena"
"5867467","508","alena"
"5884012","508","alena"
"5926117","508","alena"
"5971642","508","alena"
"5987038","508","alena"
"6027814","508","alena"
"6052273","508","alena"
"6056428","508","alena"
"6071173","508","alena"
"6102049","508","alena"
"6105064","508","alena"
"6107959","508","alena"
"6119341","508","alena"
"6121465","508","alena"
"6123565","508","alena"
"6168364","508","alena"
"6170275","508","alena"
"6186238","508","alena"
"6202702","508","alena"
"6214564","508","alena"
"6216775","508","alena"
"6232600","508","alena"
"6234040","508","alena"
"6245110","508","alena"
"6263929","508","alena"
"6281146","508","alena"
"6284659","508","alena"
"6314317","508","alena"
"6414037","508","alena"
"6434521","508","alena"
"6467314","508","alena"
"6480208","508","alena"
"6482978","508","alena"
"6488270","508","alena"
"6507065","508","alena"
"6509794","508","alena"
"6531055","508","alena"
"6560237","508","alena"
"6569443","508","alena"
"6581962","508","alena"
"6582421","508","alena"
"6583561","508","alena"
"6623920","508","alena"
"6692671","508","alena"
"6703351","508","alena"
"6707848","508","alena"
"6717895","508","alena"
"6725497","508","alena"
"6755068","508","alena"
"6781588","508","alena"
"6786079","508","alena"
"6842674","508","alena"
"6853090","508","alena"
"6854425","508","alena"
"6861367","508","alena"
"6873133","508","alena"
"6875920","508","alena"
"6890137","508","alena"
"7038229","508","alena"
"7089362","508","alena"
"7188227","508","alena"
"7212815","508","alena"
"7246253","508","alena"
"7291697","508","alena"
"7325984","508","alena"
"7411459","508","alena"
"7436389","508","alena"
"7439962","508","alena"
"7477666","508","alena"
"7494370","508","alena"
"7526086","508","alena"
"7529077","508","alena"
"7542646","508","alena"
"7590964","508","alena"
"7659094","508","alena"
"7661074","508","alena"
"7672282","508","alena"
"7756762","508","alena"
"7776967","508","alena"
"7792342","508","alena"
"7818175","508","alena"
"7821490","508","alena"
"7851349","508","alena"
"7883410","508","alena"
"7917130","508","alena"
"7938034","508","alena"
"7947259","508","alena"
"7961401","508","alena"
"8064548","508","alena"
"8131840","508","alena"
"8154551","508","alena"
"8199947","508","alena"
"8230754","508","alena"
"8243021","508","alena"
"8264996","508","alena"
"8325875","508","alena"
"8327048","508","alena"
"8349149","508","alena"
"8394371","508","alena"
"8429834","508","alena"
"8465270","508","alena"
"8482361","508","alena"
"8498243","508","alena"
"8535272","508","alena"
"8551997","508","alena"
"8552735","508","alena"
"8586509","508","alena"
"8586905","508","alena"
"8598251","508","alena"
"8599553","508","alena"
"8648486","508","alena"
"8667101","508","alena"
"8691665","508","alena"
"8692187","508","alena"
"8727281","508","alena"
"8757533","508","alena"
"8757974","508","alena"
"8760131","508","alena"
"8793616","508","alena"
"8798032","508","alena"
"8800507","508","alena"
"8832382","508","alena"
"8904313","508","alena"
"8908834","508","alena"
"8910526","508","alena"
"8938843","508","alena"
"8961640","508","alena"
"9047848","508","alena"
"9049429","508","alena"
"9130922","508","alena"
"9150992","508","alena"
"9152981","508","alena"
"9153650","508","alena"
"9153878","508","alena"
"9163103","508","alena"
"9182039","508","alena"
"9226766","508","alena"
"9227540","508","alena"
"9234347","508","alena"
"9239903","508","alena"
"9283145","508","alena"
"9357638","508","alena"
"9373064","508","alena"
"9383975","508","alena"
"9384245","508","alena"
"9443768","508","alena"
"9452666","508","alena"
"9486530","508","alena"
"9510725","508","alena"
"9531503","508","alena"
"9589322","508","alena"
"9618005","508","alena"
"9656765","508","alena"
"9658565","508","alena"
"9672356","508","alena"
"9747737","508","alena"
"9748115","508","alena"
"9785363","508","alena"
"9803663","508","alena"
"9816314","508","alena"
"9828725","508","alena"
"9862226","508","alena"
"9870098","508","alena"
"9901010","508","alena"
"9907859","508","alena"
"9980534","508","alena"
"9984311","508","alena"
"9984716","508","alena"
"10002068","508","alena"
"10005206","508","alena"
"10017830","508","alena"
"10038512","508","alena"
"10053962","508","alena"
"10082873","508","alena"
"10092116","508","alena"
"10095287","508","alena"
"10115714","508","alena"
"10170386","508","alena"
"10179362","508","alena"
"10218458","508","alena"
"10219673","508","alena"
"10236266","508","alena"
"10255811","508","alena"
"10314260","508","alena"
"10341176","508","alena"
"10370816","508","alena"
"10383332","508","alena"
"10412186","508","alena"
"10415459","508","alena"
"10424282","508","alena"
"10430000","508","alena"
"10468256","508","alena"
"10481765","508","alena"
"10502624","508","alena"
"10515059","508","alena"
"10541570","508","alena"
"10541585","508","alena"
"10551380","508","alena"
"10596827","508","alena"
"10597862","508","alena"
"10617656","508","alena"
"10668071","508","alena"
"10673021","508","alena"
"10683889","508","alena"
"10686796","508","alena"
"10692274","508","alena"
"10702417","508","alena"
"10704238","508","alena"
"10740955","508","alena"
"10749934","508","alena"
"10827271","508","alena"
"10868278","508","alena"
"10871935","508","alena"
"10894192","508","alena"
"10931656","508","alena"
"10945888","508","alena"
"10981354","508","alena"
"10990954","508","alena"
"11008471","508","alena"
"11050636","508","alena"
"11074204","508","alena"
"11080123","508","alena"
"11081323","508","alena"
"11111389","508","alena"
"11135785","508","alena"
"11179417","508","alena"
"11187685","508","alena"
"11252296","508","alena"
"11302282","508","alena"
"11355220","508","alena"
"11367049","508","alena"
"11381236","508","alena"
"11401303","508","alena"
"11413267","508","alena"
"11441806","508","alena"
"11487958","508","alena"
"11533285","508","alena"
"11533291","508","alena"
"11579953","508","alena"
"11580826","508","alena"
"11589919","508","alena"
"11591797","508","alena"
"11633413","508","alena"
"11667259","508","alena"
"11738752","508","alena"
"11749645","508","alena"
"11844340","508","alena"
"11852008","508","alena"
"11923048","508","alena"
"11995663","508","alena"
"12013477","508","alena"
"12091684","508","alena"
"12117367","508","alena"
"12140584","508","alena"
"12146350","508","alena"
"12223867","508","alena"
"12224572","508","alena"
"12262888","508","alena"
"12275491","508","alena"
"12300121","508","alena"
"12303211","508","alena"
"12312715","508","alena"
"12336421","508","alena"
"12340330","508","alena"
"12473719","508","alena"
"12531817","508","alena"
"12534109","508","alena"
"12539194","508","alena"
"12595753","508","alena"
"12615013","508","alena"
"12674426","508","alena"
"12678476","508","alena"
"12685976","508","alena"
"12730808","508","alena"
"12731504","508","alena"
"12732884","508","alena"
"12750206","508","alena"
"12773438","508","alena"
"12887225","508","alena"
"12920963","508","alena"
"12963239","508","alena"
"12977885","508","alena"
"12992537","508","alena"
"13006301","508","alena"
"13052999","508","alena"
"13060604","508","alena"
"13101029","508","alena"
"13120034","508","alena"
"13141934","508","alena"
"13290236","508","alena"
"13349066","508","alena"
"13353659","508","alena"
"13382408","508","alena"
"13419194","508","alena"
"13538792","508","alena"
"13561433","508","alena"
"13627055","508","alena"
"13673138","508","alena"
"13690685","508","alena"
"13701695","508","alena"
"13717397","508","alena"
"13718168","508","alena"
"13867619","508","alena"
"13891433","508","alena"
"13905659","508","alena"
"13907825","508","alena"
"13927736","508","alena"
"13938821","508","alena"
"13961951","508","alena"
"13983842","508","alena"
"14077559","508","alena"
"14087000","508","alena"
"14118476","508","alena"
"14170133","508","alena"
"14182436","508","alena"
"14188718","508","alena"
"14191913","508","alena"
"14235182","508","alena"
"14241371","508","alena"
"14382215","508","alena"
"14438195","508","alena"
"14446214","508","alena"
"14446712","508","alena"
